{"insertionsort": [5.17899999999738e-05, 0.0006880799999999354, 0.0018003900000000072, 0.0038618900000001234, 0.006639949999999973, 0.010048569999999923, 0.01443412000000004, 0.024128459999999928, 0.021965959999999906, 0.022704039999999905], "bubblesort": [2.0169999999897216e-05, 0.0005225200000000818, 0.0026712599999999752, 0.005955329999999925, 0.008586260000000045, 0.009153280000000041, 0.012016760000000204, 0.017986750000000117, 0.03645131000000017, 0.027763210000000083], "selectionsort": [6.331000000008302e-05, 0.0010929400000001088, 0.003491450000000107, 0.006793109999999736, 0.010311749999999975, 0.016080240000000235, 0.022105269999999778, 0.032394040000000145, 0.043770110000000084, 0.057829079999999956], "n": 10, "l": 10, "d": 50, "s": 1, "e": 100, "seed": 89890890909088089}